Institut Langevin "Ondes et Images" - Mathias Fink - email : mathias.fink@espci.fr - http://www.institut-langevin.espci.fr	67068:1	Total: 1
AllEnvi - http://www.allenvi.fr	67071:1	Total: 1
Lirmm - François Pierrot - email : francois.pierrot@lirmm.fr	67383:1	Total: 1
Inria/Sophia Antipolis-Méditerranée - Olivier Bernard : tél. : +33 [4]92 38 77 85 - email : olivier.bernard@inria.fr	67385:1	Total: 1
Inria/Paris-Rocquencourt - Pascale Minet : tél. : +33 (0)1 39 63 52 33 - email : pascale.minet@inria.fr	67386:1	Total: 1
Laboratoire d'Ecologie Alpine :- Sandra Lavorel : tél. : +33 (0)4 76 63 56 61 - email : sandra.lavorel@ujf-grenoble.frCentre d'Ecologie Fonctionnelle et Evolutive- Eric Garnier : tél. : +33 (0)4 67 61 32 42 - email : eric.garnier@cef.cnrs.fr	67387:1	Total: 1
Actilait - Eric Notz - email : e.notz@actilait.com	67388:1, 68885:1	Total: 2
Inserm - Unité 901 "Institut de Neurobiologie de la Méditerranée" - Jérôme Epsztein : tél. : +33 (0)4 91 82 81 15 - email : epsztein@inmed.univ-mrs.fr	67389:1	Total: 1
CEA - Jean-Christophe Cintrat : tél. : +33 (0)1 69 08 21 07 - email : jean-christophe.cintrat@cea.fr	67390:1	Total: 1
Laboratoire de Biogenèse Membranaire - Vincent Arondel - tél. : +33 (0)5 57 57 45 08 - email : vincent.arondel@u-bordeaux2.fr	67391:1	Total: 1
- Hélio-SPIR - http://www.heliospir.net/actualites/article/34- Inscription : http://redirectix.bulletins-electroniques.com/jTFx7	67392:1	Total: 1
EDEN - Thierry Regond : tél. : +33 (0)4 72 08 12 12 email : tregond@sunaero.com - http://www.eden-defense-cluster.com	67553:1	Total: 1
CEA/Leti - Stéphane Lavessière - email : stephane.laveissiere@cea.fr	67554:1	Total: 1
Centre des Sciences du Goût et de l'Alimentation (CSGA) - Sylvie Issanchou - email : sylvie.issanchou@dijon.inra.fr	67555:1	Total: 1
- Inserm - Unité 781 "Génétique et épigénétique des maladies métaboliques, neurosensorielles et du développement - Laurence Colleaux : tél. : +33 (0)1 44 49 51 52- Unité mixte "Institut de génétique et de biologie moléculaire et cellulaire" - Jean-Marc Egly : tél. : +33 (O)6 73 98 19 38	67556:1	Total: 1
- Cemagref/Antony - Graciela Alvarez : tél. : +33 (0)1 40 96 60 17 email : graciela.alvarez@cemagref.fr- FRISBEE : http://www.frisbee-project.eu	67557:1	Total: 1
http://onlinelibrary.wiley.com/doi/10.1002/ange.201102115/abstract	67558:1	Total: 1
Renseignements : tél. +33 (0)4 42 11 22 33	67561:1	Total: 1
François Bourin Editeur - www.bourin-editeur.fr	67794:1	Total: 1
AgroParisTech - Gilles Trystram - email : gilles.trystram@agroparistech.fr	67795:1	Total: 1
ULIS : www.ulis-ir.com	67796:1	Total: 1
AIRBUS - Nina Ohlerich : tél. : + 49 40 743 85253	67797:1	Total: 1
CEN Expérimental - François-André Allaert - email : allaert@cenbiotech.com	67798:1	Total: 1
Biocitech - www.biocitech.com	67799:1	Total: 1
CEA - Coline Verneau - email : coline.verneau@cea.fr	67800:1	Total: 1
INSERM - Emmanuel Lagarde : tél. : +33 (0)5 57 57 15 04 - email : emmanuel.lagarde@isped.u-bordeaux2.fr	67801:1	Total: 1
INSERM - Raphael Scharfmann - tél. : + 33 (0) 01 40 61 55 65 - email : raphael.scharfmann@inserm.fr	67802:1	Total: 1
Colloque International "Changement climatique : impacts et adaptation" : http://www.smf.asso.fr/fim11_pro_colloque.htm/	67803:1	Total: 1
FFA2011 - www.forumforagriculture.com - info@forumforagriculture.com	67804:1	Total: 1
CNRS - Elsa Champion : tél. : +33 (0)1 44 96 43 90 - email : elsa.champion@cnrs-dir.fr	67937:1	Total: 1
Editions Eyrolles - www.eyrolles.com	67938:1	Total: 1
Institut Pierre Simon Laplace (IPSL) - Laboratoire de Météorologie Dynamique (LMD) - Rémy Roca : tél. : +33 (0)1 44 27 21 67 - email : roca@lmd.jussieu.fr	67939:1	Total: 1
- Projet SYSIASS - www.sysiass.eu- ISEN - www.isen.fr	67940:1	Total: 1
DGA - Bruno Daffix : tél. : +33(0)1 46 19 81 51 - email : bruno.daffix@dga.defense.gouv.fr	67941:1	Total: 1
CNES - Gwenaëlle Verpeaux : tél. : +33 (0)1 44 76 74 04 - email : gwenaelle.verpeaux@cnes.fr	67942:1	Total: 1
CEA - Marie Vandermersch : tél. : +33 (0)1 64 50 17 16 - email : marie.vandermersch@cea.fr	67943:1	Total: 1
ENSTA Bretagne - Ingrid Le Toutouze : tél. : +33 (0)2 98 34 88 51 - email : ingrid.letoutouze@ensta-bretagne.fr	67944:1	Total: 1
Univerité Paris-Est Créteil Val de Marne - Gaspard Dussort : tél. : +33 (0)1 64 13 43 56 - email : dussort@u-pec.fr - www.iutsf.com	67945:1	Total: 1
- Connexions R&D : www.connexions-rd.com- Cosmetic Valley : Caroline Crabbe - email : carolinecrabbe@wanadoo.fr - www.cosmetic-valley.com	67946:1	Total: 1
Janny MT - Benoit Janny - email : jannymt@jannymt.com - Site Internet : www.jannymet.com	68273:1	Total: 1
Laurent Colasse - email : laurentcolasse@gmail.com	68274:1	Total: 1
GEOSUD - http://geosud.teledetection.fr	68275:1	Total: 1
Arts & Métiers Paris Tech - Aurore Tixier : tél. : +33 (0)1 44 24 64 35 - email : aurore.tixier@ensam.eu	68276:1	Total: 1
UPMC - Claire de Thoisy-Méchin : tél. : +33 (0)1 44 27 23 34 - email : claire.de_thoisy-mechin@upmc.fr	68277:1	Total: 1
CNRS - Julien Guillaume : tél. : +33 (0)1 44 96 46 35 email : julien.guillaume@cnrs-dir.fr	68278:1	Total: 1
ARTEMIS - Gérard Million - email : gerard.million@dijon-cereales.fr	68279:1	Total: 1
ESPCI - Ludwik Leibler : tél. : +33 (0)1 40 79 51 25 - email : ludwik.leibler@espci.fr	68280:1	Total: 1
ESSCA - Joëlle Isaac-Moine : tél. : +33 (0)2 41 73 57 78 - email : joelle.isaac-moine@essca.fr	68281:1	Total: 1
Cemagref :- www.forets-cemagref.fr- www.cemagref.fr	68283:1	Total: 1
- Association des Centraliens : Grace Ferreira, responsable communication : tél. : +33 (0)1 56 43 68 04 - email : grace.ferreira@centraliens.net - http://www.centraliens.net- Armand Colin Editeur : http://www.armand-colin.com	68383:1	Total: 1
- INRA/Tours : Thierry Pineau, Chef du Département Santé Animale : tél. : +33 (0)2 47 42 77 75 - email : sa@tours.inra.fr- NewVectys : http://www.newvectys.com	68384:1	Total: 1
CEA - Stéphane Laveissière : tél. : +33 (0)1 64 50 27 53 - email : stephane.laveissiere@cea.fr	68385:1, 68640:1, 68886:1	Total: 3
Science Europe - http://www.scienceeurope.org	68386:1	Total: 1
Laboratoire de Biochimie Métabolique et Nutritionnelle (LBMN) - Norbert Latruffe - email : latruffe@u-bourgogne.fr	68387:1	Total: 1
Institut de la Vision, UMRS 968 - William Rostene : tél. : +33 (0)1 53 46 25 72 - email : william.rostene@inserm.fr	68388:1	Total: 1
AgroParisTech - Romain Bertrand : tél. : +33 (O)3 83 39 68 12 - email : romain.bertrand@engref.agroparistech.fr	68389:1	Total: 1
Laboratoire de Synthèse et Fonctionnalisation des Céramiques (CNRS/Saint-Gobain) - Sylvain Deville : tél. : +33 (0)4 32 50 06 59 - email : sylvain.deville@saint-gobain.com	68390:1	Total: 1
Institut Fresnel - Virginie Chamard : tél. : 33 (0)4 91 28 28 37 - email : virginie.chamard@fresnel.fr	68391:1	Total: 1
Université Paris-Sud - Cécile Pérol : tél. : +33 (0)1 69 15 41 99 - email : cecile.perol@u-psud.fr	68392:1	Total: 1
Arts & Métiers ParisTech - Aurore Tixier : tél. : +33 (0)1 44 24 64 35 - email : aurore.tixier@ensam.eu	68393:1	Total: 1
- CEA - Stéphane Laveissière : tél. : +33 (0)1 64 50 27 53 - email : stephane.laveissiere@cea.fr- IZEST - http://www.int-zest.com/index.html	68638:1	Total: 1
Ecole Polytechnique - Nathalie Litwin : tél. : +33 (0)1 69 33 38 93 - email : nathalie.litwin@polytechnique.edu	68639:1	Total: 1
Optics Valley - Eric Lambouroud : tél. : +33 (0)1 69 31 75 02 - email : e.lambouroud@opticsvalley.org	68641:1	Total: 1
ERA-MIN :- Bruno Goffé : email : bruno.goffe@cnrs-dir.fr- Olivier Vidal : tél. : +33 (0)4 76 63 59 24 - email : olivier.vidal@ujf-grenoble.fr	68642:1	Total: 1
Agrene - Claude Alabouvette - email : a.ala@agrene.fr - http://www.agrene.fr	68643:1	Total: 1
LAAS - Fabrice Séverac : tél. : +33 (0)5 61 33 63 60 - email : fseverac@laas.fr	68644:1	Total: 1
Laboratoire des Sciences du Climat et de l'Environnement (lSCE) - Robert Vautard : tél. : +33 (0)1 69 08 26 40 - email : robert.vautard@lsce.ipsl.fr	68645:1	Total: 1
EyeBrain : http://www.eye-brain.com	68646:1	Total: 1
- CEA Leti - Laurent Malier - email : laurent.malier@cea.fr- Analytical Pixels Technology - Jean-Pierre Braun - email : jeanpbraun@gmail.com	68881:1	Total: 1
- Editions Quae : httlp://www.quae.com- INRA - Unité ALISS - Louis-Georges Soler - email : louis-georges.soler@ivry.inra.fr	68882:1	Total: 1
IFREMER - Marion Le Foll : tél. : +33 (0)1 46 48 22 42/4 - email : Marion.Le.Foll@ifremer.fr	68883:1	Total: 1
Université de Corse - Philippe Poggi - email : philippe.poggi@univ-corse.fr	68884:1	Total: 1
Institut de Génomique Fonctionnelle - Patrice Mollard : tél. : +33 (0)4 34 35 92 70 - email : patrice.mollard@igf.cnrs.fr	68887:1	Total: 1
Ecole Centrale Paris - Alexandrine Urbain : tél. : +33 (0)1 41 13 13 10 - email : alexandrine.urbain@ecp.fr	68888:1, 70426:1	Total: 2
Rencontres SIG La Lettre 2012 - http://www.rencontres-sig-la-lettre.fr	68889:1	Total: 1
CNES - Julien WATELET : tél. : 01 44 76 78 37 - julien.watelet@cnes.fr	69177:1, 69179:1	Total: 2
CNRS - Annick Billebaud : tél. : +33 (0)4 76 28 40 57 - email : billebaud@lpsc.in2p3.fr	69178:1	Total: 1
CNRS - Julien Guillaume - email : julien.guillaume@cnrs-dir.fr	69180:1	Total: 1
RESIF : http://www.resif.fr	69181:1	Total: 1
INRA/Montpellier, Laboratoire d'écophysiologie des plantes sous stress environnementaux (INRA/Montpellier SupAgro) - François Tardieu : tél. : +33 (0)4 99 61 26 32 - email : francois.tardieu@supagro.inra.fr	69182:1	Total: 1
Institut de chimie moléculaire et des matériaux d'Orsay - Laboratoire de glycochimie moléculaire et macromoléculaire - Boris Vauzeilles : tél. : +33 (0)1 69 15 68 36 - email : boris.vauzeilles@u-psud.fr	69183:1	Total: 1
INSERM - Unité 606 "Os et Articulation" - Marie Christine de Vernejoul : tél. : +33 (0)1 49 95 63 58 - email : christine.devernejoul@lrb.aphp.fr	69184:1	Total: 1
ESTP - Anne Claire Omont : tél. : +33 (0)1 49 08 24 38 - email : acomont@adm.estp.fr	69185:1	Total: 1
- OMNT : http://www.omnt.fr- Pour s'inscrire : http://omnt.congres-scientifique.com/avril2012/	69186:1	Total: 1
GIEC : http://www.ipcc.ch/	69533:1	Total: 1
Inra/Dijon - Centre des Sciences du Goût et de l'Alimentation (CSGA) - Christian Salles - email : salles@dijon.inra.fr	69534:1	Total: 1
Datar : http://territoires2040.datar.gouv.fr	69535:1	Total: 1
- Université Paris-Sud - Cécile Pérol - tél. : +33 (0)1 69 15 41 99 - email : cecile.perol@u-psud.fr- Agence française de lutte contre le dopage - Emmanuel Israël - tél. : +33 (0)1 40 62 76 76 - email : e.israel@afld.fr	69536:1	Total: 1
INRA/Montpellier - Laurent Prévot - tél. : +33 (0)4 99 61 31 33 - email : lprevot@supagro.inra.fr	69537:1	Total: 1
INRA/Rennes - Philippe Leterme - tél. : + 33 (0)2 23 48 54 74 - email : philippe.leterme@agrocampus-ouest.fr	69538:1	Total: 1
ESRF - Antoine Royant - tél. : +33 (0)4 76 88 17 46 - email : antoine.royant@esrf.fr	69539:1	Total: 1
Ecole Normale Supérieure de Lyon - Sergio Ciliberto - tél. : +33 (0)4 72 72 81 43 - email : sergio.ciliberto@ens-lyon.fr	69540:1	Total: 1
Supméca - Alexis Francis - tél. : +33 (0)1 49 45 29 02	69541:1	Total: 1
RIHB : http://www.hydravions-biscarrosse.com	69542:1	Total: 1
MEDTEC : http://www.medtecfrance.com	69543:1	Total: 1
ESA - http://www.esa.int/SPECIALS/Envisat/index.html	69811:1	Total: 1
INRA/Dijon - Lionel Ranjard - email : lionel.ranjard@dijon.inra.fr	69812:1	Total: 1
CNES - Julien Watelet - tél. : +33 (0)1 44 76 78 37 - email : julien.watelet@cnes.fr	69813:1, 70163:1	Total: 2
LAAS - Fuccio Cristiano - tél. : +33 (0) 5 61 33 62 54 - email : fuccio@laas.fr	69814:1	Total: 1
Enterome - http://www.enterome.com	69815:1	Total: 1
Université Paris-Sud - Paul Leadley - tél. : +33 (0)1 69 15 72 22 - email : paul.leadley@u-psud.fr	69816:1	Total: 1
INRA/Dijon - Christophe Salon - email : christophe.salon@dijon.inra.fr	69817:1	Total: 1
TENERRDIS - http://www.tenerrdis.fr	69818:1	Total: 1
Saint-Gobain - Emmanuelle Gouillart - tél. : +33 (0) 1 48 39 57 52 - email : emmanuelle.gouillart@saint-gobain.com	69819:1	Total: 1
DYNACOMP - http://redirectix.bulletins-electroniques.com/E98qR	69820:1	Total: 1
FAO - http://www.fao.org/docrep/009/a0217f/a0217f00.htm	69821:1	Total: 1
Arts & Métiers ParisTech - Aurore Tixier, Directrice de la communication - tél. : +33 (0)1 44 24 64 35 - email : aurore.tixier@ensam.eu	70161:1	Total: 1
THALES - Dorothée Bonneil - email : dorothee.bonneil@thalesgroup.com	70162:1	Total: 1
NAUSICAA - http://www.nausicaa.fr	70164:1	Total: 1
Delta Drone - http://www.deltadrone.com	70165:1	Total: 1
Creathes - Hervé Huilier - email : herve.huilier@creathes.fr	70166:1	Total: 1
- Institut Charles Sadron - Nicolas Giuseppone : tél. : +33 (0)3 88 41 41 66 - email : giuseppone@unistra.fr- Institut de Physique et Chimie des Matériaux de Strasbourg - Bernard Doudin : tél. : + 33 (0)3 88 10 72 39 - email : bdoudin@ipcms.unistra.fr	70167:1	Total: 1
ESIEE - Christine Cévaër : tél. : +33 (0)1 45 92 65 92 - email : c.cevaer@esiee.fr	70168:1	Total: 1
BATIénergie - http://www.salon-batienergie.fr	70169:1	Total: 1
Toulouse Space Show 2012 - http://www.toulousespaceshow.eu	70170:1	Total: 1
Inra - Christophe Salon - email : christophe.salon@dijon.inra.fr	70420:1	Total: 1
CEA - Philippe Gravez : tél + 33 (0)1 46 54 81 01 - email : philippe.gravez@cea.fr	70421:1	Total: 1
- Arts et Métiers ParisTech :* Aurore Tixier : tél. : +33 (0)1 44 24 64 35 - email : aurore.tixier@ensam.eu* Rizlene Bouchemoua - email : rizlene.bouchemoua@ensam.eu- American Friends of Arts & Métiers ParisTech (AFAM) : http://www.americanfriendsam.org/	70422:1	Total: 1
Centre de Recherche sur les Macromolécules Végétales (CERMAV) - Redouane Borsali : tél. : +33 (0)4 76 03 76 40 - email : redouane.borsali@cermav.cnrs.fr	70423:1	Total: 1
CNES - Julien Watelet : tél. : +33 (0)1 44 76 78 37 - email : julien.watelet@cnes.fr	70424:1, 73434:1	Total: 2
CNRS - Denis Spitzer : tél. : +33 (0)3 89 69 50 75 - email : denis.spitzer@isl.eu	70425:1	Total: 1
Colloque OPALINE - email : congres.opaline@vitagora.com	70428:1	Total: 1
Académie des Technologies - Catherine Côme : tél. : +33 (0)1 53 85 44 30 - email : catherine.come@academie-technologies.fr	70429:1	Total: 1
Ecole Centrale de Nantes - Laurence Louatron : tél. : +33 (0)2 40 37 16 87 email : laurence.louatron@ec-nantes.fr	70743:1	Total: 1
Centre de recherche de l'Institut du Cerveau et la Moelle Epinière - Jean Lorenceau : tél. : +33 (0) 57 27 43 77 - email : jean.lorenceau@upmc.fr	70744:1	Total: 1
Chono-Environnement - Daniel Gilbert - email : daniel.gilbert@univ-fcomte.fr	70745:1	Total: 1
INRA/Jouy - Romain Briandet - email : romain.briandet@jouy.inra.fr	70746:1	Total: 1
ESPCI - Sébastien Bidault - email : sebastien.bidault@espci.fr	70747:1	Total: 1
- Université Paris Sud - Cécile Pérol - tél. : +33 (0)1 6915 41 99 - email : cecile.perol@u-psud.fr- PSA Peugeot Citroën - Laure de Servigny : tél +33 (0)1 40 66 35 42	70748:1	Total: 1
- CSGA - Sophie Nicklaus - email : sophie.nicklaus@dijon.inra.fr- Colloque Opaline - email : congres.opaline@vitagora.com	70749:1	Total: 1
Karine Wallois - tél. +33 (0)3 62 72 61 51 - email : internationalforum@ceti.com	70751:1	Total: 1
Forum Plastipolis - email : forum2012@plastipolis.fr - http://www.plastipolis.fr	70752:1	Total: 1
Instituts Carnot - http://www.instituts-carnot.eu	70753:1	Total: 1
- CEA - stéphane Laveissière - email : stephane.laveissiere@cea.fr- GENCI - Laetitia Baudin - email : laetitia.baudin@genci.fr	70914:1	Total: 1
- CEA - Pôle Maîtrise des Risques - Edwige Bonnevie - email : edwige.bonnevie@cea.fr- Pour télécharger le bilan Maîtrise des Risques 2011 : http://www.cea.fr/le_cea/publications/rapports_annuels2	70915:1	Total: 1
- Laboratoire de Météorologie Dynamique - http://www.hymex.org* Philippe Drobinski : tél. : +33 (0)1 69 33 51 42 email : philippe.drobinski@lmd@polytechnique.fr- Météo France, CNRM-GAME* Véronique Ducrocq : tél. : +33 (0)5 61 07 96 02 email : veronique.ducrocq@meteo.fr- HyMeX	70916:1	Total: 1
Irstea/Bordeaux - Chantal Gardes : tél. : +33 (0)5 57 89 08 18 email : chantal.gardes@irstea.fr	70917:1	Total: 1
Cathy Clément : tél. : +33 (0)1 30 82 66 65 email : cathy.clement@gaiacommunication.fr	70918:1	Total: 1
CEA - Tuline Laeser : tél. : +33 (0)1 64 50 20 97 email : tuline.laeser@cea.fr	70919:1	Total: 1
Airbus - Aude Lebas : tél. : +33 (0)6 17 72 03 48	70920:1	Total: 1
Ceti International Forum - Karine Wallois et Anais Stael : tél. : +33 (0)3 62 72 61 33 email : internationalforum@ceti.com	70921:1	Total: 1
Institut Jacques Monod - Terence Strick : tél. : + 33 (0)1 57 27 80 20 email : strick.terence@ijm.univ-paris-diderot.fr	70922:1	Total: 1
Arts et Métiers ParisTech - Aurore Tixier : tél. : +33 (0)1 44 24 64 35 email : aurore.tixier@ensam.fr	70923:1	Total: 1
- INRA/Montpellier - Philippe Perrier-Cornet - email : perrierp@supagro.inra.fr- Documents et vidéos du colloque disponibles sur http://www5.paris.inra.fr/depe/Projets/Filiere-equine	71357:1	Total: 1
ISAE - Patrick Gousseau - tél. : +33 (0)5 61 33 80 31 - email : patrick.gousseau@isae.fr	71358:1	Total: 1
SEB - Kevin Camphuis - email : kcamphuis@seb.fr	71359:1	Total: 1
Biophytis - http://www.biophytis.com	71360:1	Total: 1
ENSAIT - Matthieu Nicolas - tél. : +33 (0)3 20 25 64 80 - email : matthieu.nicolas@ensait.fr	71361:1	Total: 1
INP Toulouse - Florence Lauriac - tél. : +33 (0)5 34 32 31 36 - email : florence.lauriac@inp-toulouse.fr	71362:1	Total: 1
Hydro 21 - http://www.hydro21.org/colloque2012/	71363:1	Total: 1
Rue de l'Echiquier - http://www.ruedelechiquier.net	71366:1	Total: 1
- INP-ENSIACET, Institut Carnot CIRIMAT, équipe Phosphates, Pharmacotechnie et Biomatériaux (PPB) - Sylvaine Jacquart - email : sylvaine.jacquart@ensiacet.fr- INP Toulouse - Florence Lauriac : tél. : +33 (0)5 34 32 31 36 email : florence.lauriac@inp-toulouse.fr	71612:1	Total: 1
Medtech - Bertin Nahum : tél. : +33 (0)4 67 10 77 40 - email : contact@medtechsurgical.com - http://www.medtech.fr	71614:1	Total: 1
Safran - http://www.safran-group.com	71615:1	Total: 1
Biom'Up - Sylvain Picot, Président Directeur Général - email : sylvain.picot@biomup.com - http://www.biomup.com	71616:1	Total: 1
AIRBUS - http://www.airbus.com	71617:1	Total: 1
INRA/Centre d'Orléans - Christelle Robinet : tél. : +33 (0)2 38 41 80 38 email : christelle.robinet@orleans.inra.fr	71618:1	Total: 1
International Nuclear Academy - EXENUC - email : contact@inuclear-academy.com - http://www.inuclear-academy.com/	71619:1	Total: 1
3ème Colloque Sciences de la Vie en société - http://www.genopole.fr/sdv-en-societe-2012.html	71620:1	Total: 1
- Nausicaa - Centre National de la Mer - Ingrid Picquart : tél. : + 33 (0)3 21 30 99 99 - email : i.picquart@exchange.nausicaa.fr- Actes Sud - Régine Le Meur : tél. : + 33 (0)5 62 66 94 63 - email : r.lemeur@actes-sud.fr	71621:1	Total: 1
Institut Henri Poincaré (IHP) - Sylviane Bellorini, Assistante de direction : tél. : +33 (0)1 44 27 67 92 - email : sylviane.bellorini@ihp.fr - http://www.ihp.fr	71835:1	Total: 1
- CNES :* Alain Delrieu : tél. : +33 (0)1 44 76 74 04 - email : alain.delrieu@cnes.fr* Pascale Bresson : tél. : +33 (0)1 44 76 75 39 - email : pascale.bresson@cnes.fr	71836:1	Total: 1
INRA/Nancy - Francis Martin : tél. : +33 (0)3 83 39 40 80 - email : fmartin@nancy.inra.fr	71837:1	Total: 1
CEA - Tuline Laeser : tél. : +33 (0)1 64 50 20 97 - email : tuline.laeser@cea.fr	71838:1	Total: 1
Sofradir : http://www.sofradir.com	71839:1	Total: 1
SUNAERO - Thierry Regond : tél. : +33 (0)4 72 08 12 12 - email : tregond@sunaero.com - http://www.sunaero.com	71840:1	Total: 1
EyeBrain - http://www.eye-brain.com - http://www.eyebrainpedia.com	71841:1	Total: 1
AgrOnov - http://www.agronov.fr	71842:1	Total: 1
Laboratoire Evolution, Génomes et Spéciation (LEGS) - Gérard Arnold - email : arnold@legs.cnrs-gif.fr	71843:1	Total: 1
Pôle PASS : http://www.pole-pass.fr	71845:1	Total: 1
Académie des Technologies - Catherine Côme : tél. : +33 (0)1 53 85 44 30 email : catherine.come@academie-technologies.fr - http://www.academie-technologies.fr	72113:1	Total: 1
DisaSolar - tél. : +33 (0)5 55 30 00 50 email : sales@disasolar.fr - http://www.disasolar.fr	72114:1	Total: 1
CEA/Saclay - Nicolas Gilles - email : Nicolas.GILLES@cea.fr	72115:1	Total: 1
Jean-Louis Junien - email : jlc.junien@wanadoo.fr	72116:1	Total: 1
Aquitaine Science Transfert - Claire Moras : tél. : +33 (0)5 56 46 20 73 email : c.moras@ast-innovations.com - http://www.ast-innovations.com	72117:1	Total: 1
Provence Technologies - http://www.provetech.com	72118:1, 75461:1	Total: 2
- Centre d'Elaboration de Matériaux et d'Etudes Structurales (CEMES) :* Christian Joachim : tél. : +33 (0)5 62 25 78 35 email : joachim@cemes.fr* Gwénaël Rapenne : tél. : +33 (0)5 62 25 78 41 email : rapenne@cemes.fr	72119:1	Total: 1
- PCD - http://www.pcd-congress.com/fr/- Aerosol & Dispensing Forum - http://www.aerosol-forum.com/fr/	72120:1	Total: 1
- Forum Recherche-Industrie sur les Bioénergies - https://colloque.inra.fr/forum_bioenergie_ic_3bcar2012- 3bcar - http://www.3bcar.fr/	72121:1	Total: 1
- Innorobo - http://www.innorobo.com- EMM Robotics - http://www.mecatronique.fr/emm-robotics- European Robotics Forum (ERF) - http://www.eurobotics2013.com	72122:1	Total: 1
- CEA - Stephane Laveissière : tél. : +33 (0)1 64 50 27 53 - email : stephane.laveissiere@cea.fr- Veolia Environnement - Stéphane Galfré : tél. : +33 (0)01 71 75 19 27 - email : stephane.galfre@veolia.com	72392:1	Total: 1
ICCC 2013 - http://www.iccc2013.com - contact@iccc2013.com	72393:1	Total: 1
AgroSup Dijon - Philippe Cayot - email : p.cayot@agrosupdijon.fr	72394:1	Total: 1
Thésame - Sandra Cheriti, responsable du Programme Innovation PME : tél. : +33 (0)4 50 33 58 21 - email : sc@thesame-innovation.com - http://www.thesame-innovation.com	72395:1	Total: 1
Vitagora - Marthe Jewell - email : marthe.jewell@vitagora.com	72396:1	Total: 1
Université Lyon 1 - Lydéric Bocquet : tél. : +33 (0)4 72 44 82 53 - email : lyderic.bocquet@univ-lyon1.fr	72397:1	Total: 1
Ecole Polytechnique - Claire Lenz : tél. : +33 (0)1 69 33 38 70 - email : claire.lenz@polytechnique.edu	72398:1	Total: 1
IFTS - Marie-Andrée Sirvain : tél. : +33 (0) 05 53 95 83 94 - email : marie.sirvain@ifts-sls.com	72399:1	Total: 1
Forum 4i - http://www.forum4i.fr	72400:1, 75466:1	Total: 2
Editions Le Pommier - http://www.editions-lepommier.fr	72401:1	Total: 1
NucAdvisor - Alain Bugat - email : alain.bugat@nucadvisor.com - http://www.nucadvisor.com	72629:1	Total: 1
Laboratoire de Chimie Agro-Industrielle - Gérard Vilarem : tél. : +33 (0)5 34 32 35 40/49 - email : gerard.vilarem@ensiacet.fr	72630:1	Total: 1
AgroSup Dijon - Philippe Besnard - email : p.besnard@agrosupdijon.fr	72631:1	Total: 1
Unité Mixte de Recherche "Physiologie de l'insecte : signalisation et communication" - Brigitte Frérot : tél. : + 33 (0) 30 83 31 44	72632:1	Total: 1
- Aldebaran Robotics - http://www.aldebaran-robotics.com- Morpho System - http://www.morpho.com	72633:1	Total: 1
Vitagora - Agathe Penant - email : agathe.penant@vitagora.com	72634:1	Total: 1
LAAS - Guilhem Larrieu : tél. : +33 (0)5 61 33 79 84 - email : guilhem.larrieu@laas.fr	72635:1	Total: 1
Airbus - Anne Galabert - email : anne.galabert@airbus.com - http://www.airbus.com	72636:1	Total: 1
AgroParisTech - Monique Mizart - email : monique.mizart@agroparistech.fr	72637:1	Total: 1
Nalini Anantharaman - email : Nalini.Anantharaman@math.u-psud.fr	72932:1	Total: 1
TLD - http://www.tld-gse.com	72933:1	Total: 1
- Ecole Polytechnique - Claire Lenz : tél. : +33 (0)1 69 33 38 70 - email : claire.lenz@polytechnique.edu- A lire également : IZEST : vers des lasers les plus puissants du monde, BE France 265, décembre 2011 : http://www.bulletins-electroniques.com/actualites/68638.htm	72934:1	Total: 1
Genticel - http://www.genticel.com	72935:1	Total: 1
Ecole Centrale Paris - Etienne Dages-Desgranges : tél. : +33 (0)1 41 13 14 74 - email : etienne.dages-desgranges@ecp.fr - http://www.ecp.fr	72936:1	Total: 1
- IGPSC - Renseignements et inscriptions : http://www.avantage-aquitaine.com/conferences/ingenierie13/index.html- Emmanuelle Pangaud, Agence Vista Point - email : vistapoint64@bbox.fr	72937:1	Total: 1
LabEx MAbImprove - email : labex_mabimprove@univ-tours.fr - http://mabimprove.univ-tours.fr	72938:1	Total: 1
- CNRS - Laetitia Louis : tél. : +33 (0)1 44 96 51 37 - email : laetitia.louis@cnrs-dir.fr- Innovatives SHS - http://www.cnrs.fr/inshs/innovatives-shs2013/presentation.htm	72939:1	Total: 1
CNRS Editions - http://www.cnrseditions.fr - Christelle Voisin : tél. : +33 (0)1 53 10 27 13 - email : christelle.voisin@cnrseditions.fr	72940:1	Total: 1
Académie des technologies - Catherine Come : tél. : +33 (0)1 53 85 44 30 email : catherine.come@academie-technologies.fr - http://www.academie-technologies.fr	73182:1	Total: 1
Tara Oceans Polar Circle - Eloise Fontaine : tél. : +33 (0)1 42 01 38 57 email : eloise@taraexpeditions.org - http://oceans.taraexpeditions.org/	73183:1	Total: 1
INSERM/Unité Mixte de Recherche 866 - Laurent Lagrost - email : laurent.lagrost@u-bourgogne.fr	73184:1	Total: 1
- Hugo Niccolaï - email : hugo.niccolai@gmail.com- Planet'Etudiants - http://www.planetetudiants.org	73185:1	Total: 1
IN2P3 - Laboratoire Leprince-Ringuet - Bruno Khélifi : tél. : +33 (0)1 69 33 55 73 email : khelifi@llr.in2p3.fr	73186:1	Total: 1
Rhenovia Pharma - http://www.rhenovia.com	73187:1	Total: 1
Laboratoire de Physique de la Matière Condensée - Claude Weisbuch : tél. : 01 69 33 46 76 email : claude.weisbuch@polytechnique.edu	73188:1	Total: 1
ENS Lyon - Cyrille Monnereau : tél. : +33 [4] 72 72 88 61 email : cyrille.monnereau@ens-lyon.fr	73189:1	Total: 1
ESIEE - Christine Cevaer : tél. : +33 (0)1 45 92 65 92 email : c.cevaer@esiee.fr - http://jourdesprojets.esiee-paris.fr	73190:1	Total: 1
- Ecole des Mines d'Ales :* Bruno Goubet - email : bruno.goubet@mines-ales.fr* Laurence Robert : tél. : +33 (0)4 66 78 51 74 - email : laurence.robert@mines-ales.fr	73430:1	Total: 1
- PACEA - Hélène Coqueugniot : tél. : + 33 (0)5 40 00 37 43 - email : h.coqueugniot@pacea.u-bordeaux1.fr- Vircopal - http://vircopal.fr	73431:1	Total: 1
INRA/Jouy-en-Josas - S. Dusko Ehrlich - email : dusko.ehrlich@jouy.inra.fr	73432:1	Total: 1
Ifremer - Marion Le Foll : tél. : + 33 (0)1 46 38 22 40/42 - email : marion.le.foll@ifremer.fr	73433:1	Total: 1
EyeTechCare - http://www.eyetechcare.com	73435:1	Total: 1
Institut des Sciences et Technologies Moléculaires d'Angers - Moltech-Anjou - Philippe Blanchard : tél. : +33 (0)2 41 73 54 43 - email : philippe.blanchard@univ-angers.fr	73436:1	Total: 1
E-tribArt Institut - http://www.e-tribart.fr	73437:1	Total: 1
International Connecting Show - http://www.ics-show.com	73438:1	Total: 1
Projet Prôtis - Patrice Pomey : tél. : + 33 (0)4 42 26 19 70 - email : Pomey@mmsh.univ-aix.fr - http://protis.hypotheses.org	73683:1	Total: 1
VHO Exploitation - Dominique Auroy - email : odomi@netcourrier.com	73684:1	Total: 1
SensoStat - Christine Urbano : christine.urbano@sensostat.fr - Eric Teillet : eric.teillet@sensostat.fr - http://www.sensostat.fr	73685:1	Total: 1
PathoQuest - http://www.pathoquest.com	73686:1	Total: 1
Région Auvergne - Zakia Douakha : tél. : + 33 (0)4 73 31 93 58 - email : presse@cr-auvergne.fr	73687:1	Total: 1
Centre d'Océanologie de Marseille - Christian Tamburini : tél. : + 33 (0)4 91 82 90 53 - email : christian.tamburini@univ-amu.fr	73688:1	Total: 1
Sporaltec - Séverine Sabot : tél. : + 33 (0)4 77 39 00 31 - email : severine.sabot@sporaltec.fr - http://www.sporaltec.fr/raidinnovation	73689:1	Total: 1
Journées Recherche & Industrie Biogaz méthanisation : http://redirectix.bulletins-electroniques.com/btOOt	73690:1	Total: 1
ECCP 2013 : http://www.eccp2013.com/	73691:1	Total: 1
Ingérop - Silvia Nimo : tél. : +33 (0)1 49 04 55 08 email : silvia.nimo@ingerop.com - http://www.ingerop.fr	73875:1	Total: 1
Ecole Centrale de Lyon - Jean-Pierre Berthet : tél. : +33 (0)4 72 18 67 81 email : jean-pierre.berthet@ec-lyon.fr	73876:1	Total: 1
BIVB - Jean-Philippe Gervais - email : jean-philippe.gervais@bivb.com	73877:1	Total: 1
Smartox Biotechnology - http://www.smartox-biotech.com	73878:1	Total: 1
Global Sensing Technologies - Xavier Bruneau - email : xavier.bruneau@globalsensing.eu - http://www.globalsensing.eu	73879:1	Total: 1
ESA - http://www.esa.int/ESA	73880:1	Total: 1
Université des Alpes - Alpes Magazine : http://www.alpesmagazine.com - Carole Gerard - email : carole.gerard@megeve.com	73881:1	Total: 1
- Congrès des Ingénieurs Arts et Métiers - http://www.artsetmetiers2013.gadz.org/Accueil/Inscriptions- Société des Ingénieurs Arts et Métiers - Francis Compagnon : tél. : + 33 (0)1 40 69 27 57 email : francis.compagnon@arts-et-metiers.asso.fr	73882:1	Total: 1
ESTP Paris - Albane Duteurtre : tél. : + 33 (0)1 49 08 24 38 email : aduteurtre@adm.estp.fr	73883:1	Total: 1
- Séminaire Technique et marché EMM1013 - http://www.mp-i.fr/mecatronic/emm2013/- Bourse technologique B.E. Mechatronics Connected - http://www.mp-i.fr/mecatronic/bemechatronics/- Convention d'affaires Robotics Meetings - http://www.mp-i.fr/mecatronic/roboticsmeetings/- Conférence Européenne du programme de recherche sur l'automobile ARTEMIS - http://www.mp-i.fr/mecatronic/artemis/	73884:1	Total: 1
- Sunaero - Thierry Regond - tél. : 33 (0)4 72 08 12 12 - email : tregond@sunaero.com - http://www.sunaero.com- A lire également :* "Sunaero, la PME lyonnaise, s'implante en Asie avec Aerokwai", BE France 276 (21/12/2012) : http://www.bulletins-electroniques.com/actualites/71840.htm* "SUNAERO, une PME française qui exporte sa technologie outre-Atlantique", BE France 230 (30/07/2009) : http://www.bulletins-electroniques.com/actualites/60160.htm	74167:1	Total: 1
CEA - Stéphane Laveissière : +33 (0) 64 50 27 53 - email : stephane.laveissiere@cea.fr	74168:1	Total: 1
Foulon-Sopagly - Richard Payraud - email : rpayraud@foulon-sopagly.fr	74169:1	Total: 1
Ifremer - Johanna Martin - tél. : +33 (0)2 98 22 40 05 - email : johanna.martin@ifremer.fr - http://www.ifremer.fr/webtv	74170:1	Total: 1
- [1] "L'EyeBrain Tracker utilisé dans un essai clinique sur la maladie de Parkinson", BE France 265 (21/12/2011) : http://www.bulletins-electroniques.com/actualites/68646.htm- EyeBrain - http://www.eye-brain.com	74171:1	Total: 1
Vitagora - Marthe Jewell : tél. : +33 (0)03 80 78 97 92 - email : marthe.jewell@vitagora.com	74172:1	Total: 1
Laboratoire d'Enzymologie et Biochimie Structurales - Ronald Melki : tél. : + 33 (0)1 69 82 35 03 - email : ronald.melki@lebs.cnrs-gif.fr	74173:1	Total: 1
- OMNT - http://omnt.congres-scientifique.com/decembre2013/- Nicolas Brefuel - email : nicolas.brefuel@cea.fr	74174:1	Total: 1
Eco-campus 2 - http://www.campus-transition-nantes.fr	74175:1	Total: 1
- NOVAQT - http://www.novaqt-leforum.fr- Conseil Région Aquitaine - Rachid Belhadj : tél. : +33 (0)05 57 57 02 75 - email : presse@aquitaine.fr	74176:1	Total: 1
CHU de Dijon - Virginie Van Wymelbeke - email : virginie.vanwymelbeke@chu-dijon.fr	74449:1	Total: 1
Delair Tech - Michaël de Lagarde - email : michael.delagarde@delair-tech.com	74450:1	Total: 1
Bioaxial - http://www.bioaxial.com	74451:1	Total: 1
CNRS - Michel Daydé : tél. : +33 (0)1 44 96 42 42, email : michel.dayde@cnrs-dir.fr	74452:1	Total: 1
- Rhenovia - http://www.rhenovia.com- SynapCell - http://www.synapcell.com	74453:1	Total: 1
- ProTip - http://www.protipmedical.com- A lire également dans BE France :* http://www.bulletins-electroniques.com/actualites/37498.htm* http://www.bulletins-electroniques.com/actualites/58785.htm	74454:1	Total: 1
Ilsa - Emmanuel Beuffe - email : e.beuffe@ilsa-france.com	74455:1	Total: 1
ATEC ITS France 2014 - http://www.congres-atecitsfrance.fr/	74456:1	Total: 1
Editions Quae - http://www.quae.com	74457:1	Total: 1
- CEA - Coline Verneau : tél. : + 33(0)1 64 50 14 88 - email : coline.verneau@cea.fr- CCRT - www-ccrt.cea.fr	74744:1	Total: 1
- CEA - Coline Verneau : tél. : + 33 (0)1 64 50 14 88 - email : coline.verneau@cea.fr- CCRT - www-ccrt.cea.fr	74745:1	Total: 1
- Silver Valley - http://www.silvervalley.fr- Silvereco - http://www.silvereco.fr	74746:1	Total: 1
Nanothinking - Thomas Dubouchet - email : thomas.dubouchet@nanothinking.com - http://www.nanothinking.com	74747:1	Total: 1
Midinnov - http://www.midinnov.fr	74748:1	Total: 1
- EC6 - Eric Commelin - email : e.commelin@ec6.fr- Nu-Age - http://www.nu-age.eu/	74749:1	Total: 1
ESPCI - Ludwik Leibler : tél. : + 33 (0)1 40 79 51 25 - email : ludwik.leibler@espci.fr	74750:1	Total: 1
Ecole Centrale Paris - Etienne Dages-Desgranges : tél. : + 33 (0)1 41 13 14 74 - email : etienne.dagesdesgranges@ecp.fr - http://www.ecp.fr	74751:1	Total: 1
Editions Dunod - Elisabeth Erhardy : tél. : +33 (0)1 4046 35 12 - email : eerhardy@dunod.com - http://www.dunod.fr	74752:1	Total: 1
DAVI - Pascal Arbault - email : pascal@davi.fr - http://www.davi.fr	75063:1	Total: 1
CEA/Cadarache - Institut de Recherche sur la Fusion par confinement Magnétique (IRFM) - Delphine Keller - email : delphine.keller@cea.fr - www-fusion-magnetique.cea.fr	75064:1	Total: 1
BioAlliance Pharma - Judith Greciet - email : judith.greciet@bioalliancepharma.com - http://www.bioalliancepharma.com	75065:1	Total: 1
Midi-Pyrénées Innovation - tél. : +33 (0)5 34 40 41 00 - http://www.mp-i.fr	75066:1	Total: 1
Aquitaine Science Transfert - Claire Moras : tél. : +33 (0)5 56 46 20 73 - email : c.moras@ast-innovations.com	75067:1	Total: 1
IRT Jules Verne - Sophie Péan : tél. : + 33 (0)2 28 44 36 07 - email : sophie.pean@pole-emc2.fr	75068:1	Total: 1
- INRA/Avignon - Catherine Renard - email : catherine.renard@avignon.inra.fr- Seb - Mariette Sicard - email : msicard@groupeseb.com	75069:1	Total: 1
IPCMS - Guillaume Schull : tél. : +33 (0)3 88 10 70 24/22 - email : shull@ipcms.unistra.fr	75070:1	Total: 1
ESIEE Paris - http://www.esiee.fr	75071:1	Total: 1
ENSAM - Aurore Tixier : tél. : +33 (0)1 44 24 64 35 email : aurore.tixier@ensam.eu	75457:1	Total: 1
- UMI-ESS - Gilles Boëtsch - email : gilles.boetsch@gmail.com- A lire : "Le CNRS lance une première opération d'envergure en Afrique" - BE France 222 - 27/02/2009 - http://www.bulletins-electroniques.com/actualites/57973.htm	75458:1	Total: 1
UMR 866 Lipides, Nutrition, Santé - Inserm - Laurent Lagrost - email : laurent.lagrost@u-bourgogne.fr	75459:1	Total: 1
Ifremer - Marion Le Foll et Thomas Isaak : tél. : + 33 (0)1 46 48 22 40/42 email : presse@ifremer.fr	75460:1	Total: 1
Oniris Nantes - Denis Poncelet - email : denis.poncelet@oniris-nantes.fr	75462:1	Total: 1
CEA - Robert Vautard : tél. : +33 (0)1 69 08 26 40 email : robert.vautard@cea.fr	75463:1	Total: 1
Colloque DEPOS - http://depos25.mines-ales.fr	75464:1	Total: 1
Biovision 2014 - http://www.biovision.org	75465:1	Total: 1
Thales Université - Design Center - Didier Boulet : tél. : 06 77 48 28 90 - email : didier.boulet@thalesgroup.com	75788:1	Total: 1
Thales Alenia Space, Service Communication : Tarik Lahlou - Tel. : +33 (0)4 92 92 68 45 - email : tarik.lahlou@thalesaleniaspace.com	75789:1	Total: 1
CSGA - Thierry Thomas Danguin - email : thierry.thomas-danguin@dijon.inra.fr	75790:1	Total: 1
Arts & Métiers ParisTech - Campus de Lille - Elise Woestelandt : tél. : +33 (0)3 59 03 11 90 - email : elise.woestelandt@ensam.eu	75791:1	Total: 1
CEA - Département d'étude du Traitement et du Conditionnement des Déchets - Frédéric Goettmann - email : frederic.goettmann@cea.fr	75792:1	Total: 1
- Danone - Michel Rogeaux - email : michel.rogeaux@danone.com- Vitagora - Marthe Jewell - email : marthe.jewell@vitagora.com	75793:1	Total: 1
Laboratoire "Matière et Systèmes Complexes" - Valentin Leroy - valentin.leroy@univ-paris-diderot.fr	75794:1	Total: 1
Invest in Photonics : http://www.invest-in-photonics.com	75795:1	Total: 1
Forum TERATEC 2014 : http://www.teratec.eu/forum/index.html	75796:1	Total: 1
- Inosport :* http://www.inosport.fr/sinscrire/* http://www.inosport.fr	75797:1	Total: 1
CSGA - Jordi Ballester - email : jordi.ballester@u-bourgogne.fr	76206:1	Total: 1
Trustinsoft - Fabrice Derepas - email : fabrice.derepas@trust-in-soft.com - http://trust-in-soft.com	76207:1	Total: 1
Ecole Polytechnique - Raphaël de Rasilly : tél. : +33 (0)1 69 33 38 97 email : raphael.de-rasilly@polytechnique.edu	76208:1	Total: 1
Vitagora - Marthe Jewell : tél. : +33 (0)3 80 78 97 92 email : marthe.jewell@vitagora.com	76209:1	Total: 1
Saint-Gobain - Sylvain Deville : tél. : + (0)33 04 32 50 06 59 email : sylvain.deville@saint-gobain.com	76210:1	Total: 1
Ecole Centrale Paris - Etienne Dages-Desgranges : tél. : +33 (0)1 41 13 14 74 email : etienne.dages-desgranges@ecp.fr	76211:1	Total: 1
- Sporaltec - Séverine Sabot : tél. : + 33 (0)4 77 30 00 31 email : severine.sabot@sporaltec.fr- Raid Innovation - Fanny Siffet - email : raidinnovation@sporaltec.fr	76212:1	Total: 1
- Pierre Feillet - email : pierre.feillet@wanadoo.fr- Editions Quae : http://www.quae.com	76213:1	Total: 1
FSI - Bernard d'Oriano - email : bdo@fsinet.fr - http://www.fsinet.fr	76507:1	Total: 1
Arkamys - Jean-Michel Raczinski - email : jmraczinski@arkamys.com - http://www.arkamys.com	76508:1	Total: 1
- Le Temps des Glucides - Emmanuelle Auras : ltdglucides@gmail.com - http://www.letempsdesglucides.com- http://leblog.letempsdesglucides.com	76509:1	Total: 1
WiN MS - http://www.win-ms.com	76510:1	Total: 1
Lara Spiral - Michel Prost - email : michelprost.spiral@wanadoo.fr	76511:1	Total: 1
INP Toulouse - Florence Lauriac : tél. : +33 (0)5 34 32 31 36 - email : florence.lauriac@inp-toulouse.fr	76512:1	Total: 1
Sustainable Design School (SDS) - Maurille Larivière : tél. : +33 (0)4 93 41 44 51 - email : maurille.lariviere@the-sds.com	76513:1	Total: 1
Technopole Alimentec - http://www.alimentec.com	76514:1	Total: 1
Semaine de la Mémoire - http://www.semainedelamemoire.fr	76515:1	Total: 1
- Pole PASS - http://www.pole-pass.fr- http://redirectix.bulletins-electroniques.com/4g87X	76516:1	Total: 1
